"ID","location","ecotr_id","tree_id","pear_id","species","climate","quality_index"
"BE_1_1_1","BE",1,1,1,"Conference","Scenario 1",64
"BE_1_1_2","BE",1,1,2,"Conference","Scenario 1",35
"BE_1_1_3","BE",1,1,3,"Conference","Scenario 1",71
"BE_1_1_4","BE",1,1,4,"Conference","Scenario 1",62
"BE_1_1_5","BE",1,1,5,"Conference","Scenario 1",71
"BE_1_1_6","BE",1,1,6,"Conference","Scenario 1",94
"BE_1_1_7","BE",1,1,7,"Conference","Scenario 1",80
"BE_1_1_8","BE",1,1,8,"Conference","Scenario 1",69
"BE_1_1_9","BE",1,1,9,"Conference","Scenario 1",55
"BE_1_1_10","BE",1,1,10,"Conference","Scenario 1",69
"BE_1_1_11","BE",1,1,11,"Conference","Scenario 1",22
"BE_1_1_12","BE",1,1,12,"Conference","Scenario 1",41
"BE_1_1_13","BE",1,1,13,"Conference","Scenario 1",55
"BE_1_1_14","BE",1,1,14,"Conference","Scenario 1",81
"BE_1_1_15","BE",1,1,15,"Conference","Scenario 1",39
"BE_1_1_16","BE",1,1,16,"Conference","Scenario 1",50
"BE_1_1_17","BE",1,1,17,"Conference","Scenario 1",64
"BE_1_1_18","BE",1,1,18,"Conference","Scenario 1",38
"BE_1_1_19","BE",1,1,19,"Conference","Scenario 1",39
"BE_1_1_20","BE",1,1,20,"Conference","Scenario 1",34
"BE_1_1_21","BE",1,1,21,"Conference","Scenario 1",81
"BE_1_1_22","BE",1,1,22,"Conference","Scenario 1",30
"BE_1_1_23","BE",1,1,23,"Conference","Scenario 1",76
"BE_1_1_24","BE",1,1,24,"Conference","Scenario 1",23
"BE_1_1_25","BE",1,1,25,"Conference","Scenario 1",100
"BE_1_1_26","BE",1,1,26,"Conference","Scenario 1",41
"BE_1_1_27","BE",1,1,27,"Conference","Scenario 1",46
"BE_1_1_28","BE",1,1,28,"Conference","Scenario 1",29
"BE_1_1_29","BE",1,1,29,"Conference","Scenario 1",27
"BE_1_1_30","BE",1,1,30,"Conference","Scenario 1",81
"BE_1_1_31","BE",1,1,31,"Conference","Scenario 1",31
"BE_1_1_32","BE",1,1,32,"Conference","Scenario 1",26
"BE_1_1_33","BE",1,1,33,"Conference","Scenario 1",18
"BE_1_1_34","BE",1,1,34,"Conference","Scenario 1",77
"BE_1_1_35","BE",1,1,35,"Conference","Scenario 1",89
"BE_1_1_36","BE",1,1,36,"Conference","Scenario 1",33
"BE_1_1_37","BE",1,1,37,"Conference","Scenario 1",72
"BE_1_1_38","BE",1,1,38,"Conference","Scenario 1",95
"BE_1_1_39","BE",1,1,39,"Conference","Scenario 1",42
"BE_1_1_40","BE",1,1,40,"Conference","Scenario 1",49
"BE_1_1_41","BE",1,1,41,"Conference","Scenario 1",88
"BE_1_1_42","BE",1,1,42,"Conference","Scenario 1",77
"BE_1_1_43","BE",1,1,43,"Conference","Scenario 1",47
"BE_1_1_44","BE",1,1,44,"Conference","Scenario 1",79
"BE_1_1_45","BE",1,1,45,"Conference","Scenario 1",81
"BE_1_1_46","BE",1,1,46,"Conference","Scenario 1",52
"BE_1_1_47","BE",1,1,47,"Conference","Scenario 1",27
"BE_1_2_48","BE",1,2,48,"Doyenne","Scenario 1",85
"BE_1_2_49","BE",1,2,49,"Doyenne","Scenario 1",77
"BE_1_2_50","BE",1,2,50,"Doyenne","Scenario 1",52
"BE_1_2_51","BE",1,2,51,"Doyenne","Scenario 1",36
"BE_1_2_52","BE",1,2,52,"Doyenne","Scenario 1",54
"BE_1_2_53","BE",1,2,53,"Doyenne","Scenario 1",47
"BE_1_2_54","BE",1,2,54,"Doyenne","Scenario 1",6
"BE_1_2_55","BE",1,2,55,"Doyenne","Scenario 1",35
"BE_1_2_56","BE",1,2,56,"Doyenne","Scenario 1",60
"BE_1_2_57","BE",1,2,57,"Doyenne","Scenario 1",92
"BE_1_2_58","BE",1,2,58,"Doyenne","Scenario 1",53
"BE_1_2_59","BE",1,2,59,"Doyenne","Scenario 1",49
"BE_1_2_60","BE",1,2,60,"Doyenne","Scenario 1",60
"BE_1_2_61","BE",1,2,61,"Doyenne","Scenario 1",54
"BE_1_2_62","BE",1,2,62,"Doyenne","Scenario 1",34
"BE_1_2_63","BE",1,2,63,"Doyenne","Scenario 1",59
"BE_1_2_64","BE",1,2,64,"Doyenne","Scenario 1",77
"BE_1_2_65","BE",1,2,65,"Doyenne","Scenario 1",21
"BE_1_2_66","BE",1,2,66,"Doyenne","Scenario 1",35
"BE_1_2_67","BE",1,2,67,"Doyenne","Scenario 1",36
"BE_1_2_68","BE",1,2,68,"Doyenne","Scenario 1",64
"BE_1_3_69","BE",1,3,69,"Conference","Scenario 1",60
"BE_1_3_70","BE",1,3,70,"Conference","Scenario 1",67
"BE_1_3_71","BE",1,3,71,"Conference","Scenario 1",31
"BE_1_3_72","BE",1,3,72,"Conference","Scenario 1",24
"BE_1_3_73","BE",1,3,73,"Conference","Scenario 1",43
"BE_1_3_74","BE",1,3,74,"Conference","Scenario 1",72
"BE_1_3_75","BE",1,3,75,"Conference","Scenario 1",88
"BE_1_3_76","BE",1,3,76,"Conference","Scenario 1",72
"BE_1_3_77","BE",1,3,77,"Conference","Scenario 1",53
"BE_1_3_78","BE",1,3,78,"Conference","Scenario 1",30
"BE_1_3_79","BE",1,3,79,"Conference","Scenario 1",45
"BE_1_3_80","BE",1,3,80,"Conference","Scenario 1",60
"BE_1_3_81","BE",1,3,81,"Conference","Scenario 1",23
"BE_1_3_82","BE",1,3,82,"Conference","Scenario 1",76
"BE_1_3_83","BE",1,3,83,"Conference","Scenario 1",63
"BE_1_3_84","BE",1,3,84,"Conference","Scenario 1",71
"BE_1_3_85","BE",1,3,85,"Conference","Scenario 1",100
"BE_1_3_86","BE",1,3,86,"Conference","Scenario 1",24
"BE_1_3_87","BE",1,3,87,"Conference","Scenario 1",53
"BE_1_3_88","BE",1,3,88,"Conference","Scenario 1",20
"BE_1_3_89","BE",1,3,89,"Conference","Scenario 1",55
"BE_1_3_90","BE",1,3,90,"Conference","Scenario 1",45
"BE_1_3_91","BE",1,3,91,"Conference","Scenario 1",32
"BE_1_3_92","BE",1,3,92,"Conference","Scenario 1",52
"BE_1_3_93","BE",1,3,93,"Conference","Scenario 1",86
"BE_1_3_94","BE",1,3,94,"Conference","Scenario 1",59
"BE_1_3_95","BE",1,3,95,"Conference","Scenario 1",24
"BE_1_3_96","BE",1,3,96,"Conference","Scenario 1",28
"BE_1_3_97","BE",1,3,97,"Conference","Scenario 1",47
"BE_1_3_98","BE",1,3,98,"Conference","Scenario 1",15
"BE_1_3_99","BE",1,3,99,"Conference","Scenario 1",9
"BE_1_3_100","BE",1,3,100,"Conference","Scenario 1",83
"BE_1_4_101","BE",1,4,101,"Doyenne","Scenario 1",85
"BE_1_4_102","BE",1,4,102,"Doyenne","Scenario 1",40
"BE_1_4_103","BE",1,4,103,"Doyenne","Scenario 1",44
"BE_1_4_104","BE",1,4,104,"Doyenne","Scenario 1",46
"BE_1_4_105","BE",1,4,105,"Doyenne","Scenario 1",75
"BE_1_4_106","BE",1,4,106,"Doyenne","Scenario 1",24
"BE_1_4_107","BE",1,4,107,"Doyenne","Scenario 1",61
"BE_1_4_108","BE",1,4,108,"Doyenne","Scenario 1",55
"BE_1_4_109","BE",1,4,109,"Doyenne","Scenario 1",44
"BE_1_4_110","BE",1,4,110,"Doyenne","Scenario 1",64
"BE_1_4_111","BE",1,4,111,"Doyenne","Scenario 1",51
"BE_1_4_112","BE",1,4,112,"Doyenne","Scenario 1",57
"BE_1_4_113","BE",1,4,113,"Doyenne","Scenario 1",65
"BE_1_4_114","BE",1,4,114,"Doyenne","Scenario 1",73
"BE_1_4_115","BE",1,4,115,"Doyenne","Scenario 1",34
"BE_1_4_116","BE",1,4,116,"Doyenne","Scenario 1",62
"BE_1_4_117","BE",1,4,117,"Doyenne","Scenario 1",52
"BE_1_4_118","BE",1,4,118,"Doyenne","Scenario 1",76
"BE_1_4_119","BE",1,4,119,"Doyenne","Scenario 1",79
"BE_1_4_120","BE",1,4,120,"Doyenne","Scenario 1",8
"BE_1_4_121","BE",1,4,121,"Doyenne","Scenario 1",42
"BE_1_4_122","BE",1,4,122,"Doyenne","Scenario 1",37
"BE_1_4_123","BE",1,4,123,"Doyenne","Scenario 1",93
"BE_1_4_124","BE",1,4,124,"Doyenne","Scenario 1",36
"BE_1_4_125","BE",1,4,125,"Doyenne","Scenario 1",72
"BE_1_4_126","BE",1,4,126,"Doyenne","Scenario 1",92
"BE_1_4_127","BE",1,4,127,"Doyenne","Scenario 1",21
"BE_1_4_128","BE",1,4,128,"Doyenne","Scenario 1",48
"BE_1_4_129","BE",1,4,129,"Doyenne","Scenario 1",77
"BE_1_4_130","BE",1,4,130,"Doyenne","Scenario 1",21
"BE_1_4_131","BE",1,4,131,"Doyenne","Scenario 1",54
"BE_1_4_132","BE",1,4,132,"Doyenne","Scenario 1",90
"BE_1_4_133","BE",1,4,133,"Doyenne","Scenario 1",62
"BE_1_4_134","BE",1,4,134,"Doyenne","Scenario 1",33
"BE_1_4_135","BE",1,4,135,"Doyenne","Scenario 1",64
"BE_1_4_136","BE",1,4,136,"Doyenne","Scenario 1",21
"BE_1_4_137","BE",1,4,137,"Doyenne","Scenario 1",84
"BE_1_4_138","BE",1,4,138,"Doyenne","Scenario 1",48
"BE_1_4_139","BE",1,4,139,"Doyenne","Scenario 1",35
"BE_1_4_140","BE",1,4,140,"Doyenne","Scenario 1",86
"BE_1_4_141","BE",1,4,141,"Doyenne","Scenario 1",48
"BE_1_4_142","BE",1,4,142,"Doyenne","Scenario 1",38
"BE_1_4_143","BE",1,4,143,"Doyenne","Scenario 1",69
"BE_1_4_144","BE",1,4,144,"Doyenne","Scenario 1",35
"BE_1_4_145","BE",1,4,145,"Doyenne","Scenario 1",78
"BE_1_5_146","BE",1,5,146,"Conference","Scenario 1",47
"BE_1_5_147","BE",1,5,147,"Conference","Scenario 1",20
"BE_1_5_148","BE",1,5,148,"Conference","Scenario 1",23
"BE_1_5_149","BE",1,5,149,"Conference","Scenario 1",100
"BE_1_5_150","BE",1,5,150,"Conference","Scenario 1",49
"BE_1_5_151","BE",1,5,151,"Conference","Scenario 1",12
"BE_1_5_152","BE",1,5,152,"Conference","Scenario 1",16
"BE_1_5_153","BE",1,5,153,"Conference","Scenario 1",63
"BE_1_5_154","BE",1,5,154,"Conference","Scenario 1",24
"BE_1_5_155","BE",1,5,155,"Conference","Scenario 1",62
"BE_1_5_156","BE",1,5,156,"Conference","Scenario 1",69
"BE_1_5_157","BE",1,5,157,"Conference","Scenario 1",67
"BE_1_5_158","BE",1,5,158,"Conference","Scenario 1",46
"BE_1_5_159","BE",1,5,159,"Conference","Scenario 1",87
"BE_1_5_160","BE",1,5,160,"Conference","Scenario 1",76
"BE_1_5_161","BE",1,5,161,"Conference","Scenario 1",53
"BE_1_5_162","BE",1,5,162,"Conference","Scenario 1",57
"BE_1_5_163","BE",1,5,163,"Conference","Scenario 1",37
"BE_1_5_164","BE",1,5,164,"Conference","Scenario 1",52
"BE_1_5_165","BE",1,5,165,"Conference","Scenario 1",66
"BE_1_5_166","BE",1,5,166,"Conference","Scenario 1",47
"BE_1_5_167","BE",1,5,167,"Conference","Scenario 1",74
"BE_1_5_168","BE",1,5,168,"Conference","Scenario 1",26
"BE_1_5_169","BE",1,5,169,"Conference","Scenario 1",16
"BE_1_5_170","BE",1,5,170,"Conference","Scenario 1",17
"BE_1_5_171","BE",1,5,171,"Conference","Scenario 1",27
"BE_1_5_172","BE",1,5,172,"Conference","Scenario 1",69
"BE_1_5_173","BE",1,5,173,"Conference","Scenario 1",41
"BE_1_5_174","BE",1,5,174,"Conference","Scenario 1",65
"BE_1_5_175","BE",1,5,175,"Conference","Scenario 1",79
"BE_1_5_176","BE",1,5,176,"Conference","Scenario 1",46
"BE_1_5_177","BE",1,5,177,"Conference","Scenario 1",63
"BE_1_5_178","BE",1,5,178,"Conference","Scenario 1",57
"BE_1_5_179","BE",1,5,179,"Conference","Scenario 1",66
"BE_1_5_180","BE",1,5,180,"Conference","Scenario 1",55
"BE_1_5_181","BE",1,5,181,"Conference","Scenario 1",35
"BE_1_5_182","BE",1,5,182,"Conference","Scenario 1",49
"BE_1_5_183","BE",1,5,183,"Conference","Scenario 1",29
"BE_1_5_184","BE",1,5,184,"Conference","Scenario 1",67
"BE_1_5_185","BE",1,5,185,"Conference","Scenario 1",98
"BE_1_5_186","BE",1,5,186,"Conference","Scenario 1",6
"BE_1_5_187","BE",1,5,187,"Conference","Scenario 1",50
"BE_1_5_188","BE",1,5,188,"Conference","Scenario 1",27
"BE_1_5_189","BE",1,5,189,"Conference","Scenario 1",51
"BE_1_5_190","BE",1,5,190,"Conference","Scenario 1",83
"BE_1_5_191","BE",1,5,191,"Conference","Scenario 1",65
"BE_1_5_192","BE",1,5,192,"Conference","Scenario 1",67
"BE_1_5_193","BE",1,5,193,"Conference","Scenario 1",41
"BE_1_5_194","BE",1,5,194,"Conference","Scenario 1",62
"BE_1_5_195","BE",1,5,195,"Conference","Scenario 1",70
"BE_1_5_196","BE",1,5,196,"Conference","Scenario 1",38
"BE_1_5_197","BE",1,5,197,"Conference","Scenario 1",30
"BE_1_5_198","BE",1,5,198,"Conference","Scenario 1",56
"BE_1_5_199","BE",1,5,199,"Conference","Scenario 1",58
"BE_1_5_200","BE",1,5,200,"Conference","Scenario 1",80
"BE_1_5_201","BE",1,5,201,"Conference","Scenario 1",33
"BE_1_6_202","BE",1,6,202,"Doyenne","Scenario 1",54
"BE_1_6_203","BE",1,6,203,"Doyenne","Scenario 1",39
"BE_1_6_204","BE",1,6,204,"Doyenne","Scenario 1",60
"BE_1_6_205","BE",1,6,205,"Doyenne","Scenario 1",78
"BE_1_6_206","BE",1,6,206,"Doyenne","Scenario 1",81
"BE_1_6_207","BE",1,6,207,"Doyenne","Scenario 1",43
"BE_1_6_208","BE",1,6,208,"Doyenne","Scenario 1",62
"BE_1_6_209","BE",1,6,209,"Doyenne","Scenario 1",78
"BE_1_6_210","BE",1,6,210,"Doyenne","Scenario 1",35
"BE_1_6_211","BE",1,6,211,"Doyenne","Scenario 1",76
"BE_1_6_212","BE",1,6,212,"Doyenne","Scenario 1",98
"BE_1_6_213","BE",1,6,213,"Doyenne","Scenario 1",90
"BE_1_6_214","BE",1,6,214,"Doyenne","Scenario 1",70
"BE_1_6_215","BE",1,6,215,"Doyenne","Scenario 1",100
"BE_1_6_216","BE",1,6,216,"Doyenne","Scenario 1",95
"BE_1_6_217","BE",1,6,217,"Doyenne","Scenario 1",39
"BE_1_6_218","BE",1,6,218,"Doyenne","Scenario 1",64
"BE_1_6_219","BE",1,6,219,"Doyenne","Scenario 1",63
"BE_1_6_220","BE",1,6,220,"Doyenne","Scenario 1",31
"BE_1_6_221","BE",1,6,221,"Doyenne","Scenario 1",54
"BE_1_6_222","BE",1,6,222,"Doyenne","Scenario 1",55
"BE_1_6_223","BE",1,6,223,"Doyenne","Scenario 1",76
"BE_1_6_224","BE",1,6,224,"Doyenne","Scenario 1",41
"BE_1_6_225","BE",1,6,225,"Doyenne","Scenario 1",90
"BE_1_6_226","BE",1,6,226,"Doyenne","Scenario 1",38
"BE_1_6_227","BE",1,6,227,"Doyenne","Scenario 1",100
"BE_1_6_228","BE",1,6,228,"Doyenne","Scenario 1",68
"BE_1_6_229","BE",1,6,229,"Doyenne","Scenario 1",58
"BE_1_6_230","BE",1,6,230,"Doyenne","Scenario 1",51
"BE_1_6_231","BE",1,6,231,"Doyenne","Scenario 1",58
"BE_1_6_232","BE",1,6,232,"Doyenne","Scenario 1",69
"BE_1_6_233","BE",1,6,233,"Doyenne","Scenario 1",100
"BE_1_6_234","BE",1,6,234,"Doyenne","Scenario 1",14
"BE_1_6_235","BE",1,6,235,"Doyenne","Scenario 1",0
"BE_1_6_236","BE",1,6,236,"Doyenne","Scenario 1",44
"BE_1_6_237","BE",1,6,237,"Doyenne","Scenario 1",33
"BE_1_6_238","BE",1,6,238,"Doyenne","Scenario 1",24
"BE_1_6_239","BE",1,6,239,"Doyenne","Scenario 1",84
"BE_1_6_240","BE",1,6,240,"Doyenne","Scenario 1",41
"BE_1_6_241","BE",1,6,241,"Doyenne","Scenario 1",100
"BE_1_6_242","BE",1,6,242,"Doyenne","Scenario 1",68
"BE_1_6_243","BE",1,6,243,"Doyenne","Scenario 1",81
"BE_1_6_244","BE",1,6,244,"Doyenne","Scenario 1",76
"BE_1_6_245","BE",1,6,245,"Doyenne","Scenario 1",37
"BE_1_6_246","BE",1,6,246,"Doyenne","Scenario 1",46
"BE_1_6_247","BE",1,6,247,"Doyenne","Scenario 1",43
"BE_1_6_248","BE",1,6,248,"Doyenne","Scenario 1",68
"BE_1_6_249","BE",1,6,249,"Doyenne","Scenario 1",37
"BE_1_6_250","BE",1,6,250,"Doyenne","Scenario 1",81
"BE_1_6_251","BE",1,6,251,"Doyenne","Scenario 1",40
"BE_1_6_252","BE",1,6,252,"Doyenne","Scenario 1",38
"BE_1_6_253","BE",1,6,253,"Doyenne","Scenario 1",22
"BE_1_6_254","BE",1,6,254,"Doyenne","Scenario 1",66
"BE_2_7_255","BE",2,7,255,"Conference","Scenario 2",29
"BE_2_7_256","BE",2,7,256,"Conference","Scenario 2",60
"BE_2_7_257","BE",2,7,257,"Conference","Scenario 2",73
"BE_2_7_258","BE",2,7,258,"Conference","Scenario 2",79
"BE_2_7_259","BE",2,7,259,"Conference","Scenario 2",40
"BE_2_7_260","BE",2,7,260,"Conference","Scenario 2",100
"BE_2_7_261","BE",2,7,261,"Conference","Scenario 2",60
"BE_2_7_262","BE",2,7,262,"Conference","Scenario 2",30
"BE_2_7_263","BE",2,7,263,"Conference","Scenario 2",59
"BE_2_7_264","BE",2,7,264,"Conference","Scenario 2",79
"BE_2_7_265","BE",2,7,265,"Conference","Scenario 2",41
"BE_2_7_266","BE",2,7,266,"Conference","Scenario 2",64
"BE_2_7_267","BE",2,7,267,"Conference","Scenario 2",94
"BE_2_7_268","BE",2,7,268,"Conference","Scenario 2",61
"BE_2_7_269","BE",2,7,269,"Conference","Scenario 2",57
"BE_2_7_270","BE",2,7,270,"Conference","Scenario 2",74
"BE_2_7_271","BE",2,7,271,"Conference","Scenario 2",26
"BE_2_7_272","BE",2,7,272,"Conference","Scenario 2",41
"BE_2_7_273","BE",2,7,273,"Conference","Scenario 2",35
"BE_2_7_274","BE",2,7,274,"Conference","Scenario 2",69
"BE_2_7_275","BE",2,7,275,"Conference","Scenario 2",90
"BE_2_7_276","BE",2,7,276,"Conference","Scenario 2",27
"BE_2_7_277","BE",2,7,277,"Conference","Scenario 2",40
"BE_2_7_278","BE",2,7,278,"Conference","Scenario 2",60
"BE_2_7_279","BE",2,7,279,"Conference","Scenario 2",76
"BE_2_7_280","BE",2,7,280,"Conference","Scenario 2",98
"BE_2_7_281","BE",2,7,281,"Conference","Scenario 2",95
"BE_2_7_282","BE",2,7,282,"Conference","Scenario 2",72
"BE_2_7_283","BE",2,7,283,"Conference","Scenario 2",66
"BE_2_7_284","BE",2,7,284,"Conference","Scenario 2",83
"BE_2_7_285","BE",2,7,285,"Conference","Scenario 2",52
"BE_2_7_286","BE",2,7,286,"Conference","Scenario 2",60
"BE_2_7_287","BE",2,7,287,"Conference","Scenario 2",45
"BE_2_7_288","BE",2,7,288,"Conference","Scenario 2",100
"BE_2_7_289","BE",2,7,289,"Conference","Scenario 2",43
"BE_2_7_290","BE",2,7,290,"Conference","Scenario 2",96
"BE_2_7_291","BE",2,7,291,"Conference","Scenario 2",68
"BE_2_7_292","BE",2,7,292,"Conference","Scenario 2",85
"BE_2_7_293","BE",2,7,293,"Conference","Scenario 2",60
"BE_2_7_294","BE",2,7,294,"Conference","Scenario 2",100
"BE_2_7_295","BE",2,7,295,"Conference","Scenario 2",4
"BE_2_7_296","BE",2,7,296,"Conference","Scenario 2",70
"BE_2_7_297","BE",2,7,297,"Conference","Scenario 2",93
"BE_2_7_298","BE",2,7,298,"Conference","Scenario 2",56
"BE_2_8_299","BE",2,8,299,"Doyenne","Scenario 2",80
"BE_2_8_300","BE",2,8,300,"Doyenne","Scenario 2",72
"BE_2_8_301","BE",2,8,301,"Doyenne","Scenario 2",71
"BE_2_8_302","BE",2,8,302,"Doyenne","Scenario 2",55
"BE_2_8_303","BE",2,8,303,"Doyenne","Scenario 2",100
"BE_2_8_304","BE",2,8,304,"Doyenne","Scenario 2",71
"BE_2_8_305","BE",2,8,305,"Doyenne","Scenario 2",44
"BE_2_8_306","BE",2,8,306,"Doyenne","Scenario 2",100
"BE_2_8_307","BE",2,8,307,"Doyenne","Scenario 2",54
"BE_2_8_308","BE",2,8,308,"Doyenne","Scenario 2",44
"BE_2_8_309","BE",2,8,309,"Doyenne","Scenario 2",31
"BE_2_8_310","BE",2,8,310,"Doyenne","Scenario 2",100
"BE_2_8_311","BE",2,8,311,"Doyenne","Scenario 2",53
"BE_2_8_312","BE",2,8,312,"Doyenne","Scenario 2",54
"BE_2_8_313","BE",2,8,313,"Doyenne","Scenario 2",49
"BE_2_8_314","BE",2,8,314,"Doyenne","Scenario 2",26
"BE_2_8_315","BE",2,8,315,"Doyenne","Scenario 2",73
"BE_2_8_316","BE",2,8,316,"Doyenne","Scenario 2",100
"BE_2_8_317","BE",2,8,317,"Doyenne","Scenario 2",50
"BE_2_8_318","BE",2,8,318,"Doyenne","Scenario 2",34
"BE_2_8_319","BE",2,8,319,"Doyenne","Scenario 2",39
"BE_2_8_320","BE",2,8,320,"Doyenne","Scenario 2",40
"BE_2_8_321","BE",2,8,321,"Doyenne","Scenario 2",100
"BE_2_8_322","BE",2,8,322,"Doyenne","Scenario 2",73
"BE_2_8_323","BE",2,8,323,"Doyenne","Scenario 2",54
"BE_2_8_324","BE",2,8,324,"Doyenne","Scenario 2",58
"BE_2_8_325","BE",2,8,325,"Doyenne","Scenario 2",44
"BE_2_8_326","BE",2,8,326,"Doyenne","Scenario 2",88
"BE_2_8_327","BE",2,8,327,"Doyenne","Scenario 2",9
"BE_2_8_328","BE",2,8,328,"Doyenne","Scenario 2",72
"BE_2_8_329","BE",2,8,329,"Doyenne","Scenario 2",67
"BE_2_8_330","BE",2,8,330,"Doyenne","Scenario 2",39
"BE_2_8_331","BE",2,8,331,"Doyenne","Scenario 2",45
"BE_2_8_332","BE",2,8,332,"Doyenne","Scenario 2",59
"BE_2_8_333","BE",2,8,333,"Doyenne","Scenario 2",43
"BE_2_8_334","BE",2,8,334,"Doyenne","Scenario 2",67
"BE_2_8_335","BE",2,8,335,"Doyenne","Scenario 2",72
"BE_2_8_336","BE",2,8,336,"Doyenne","Scenario 2",22
"BE_2_8_337","BE",2,8,337,"Doyenne","Scenario 2",81
"BE_2_8_338","BE",2,8,338,"Doyenne","Scenario 2",62
"BE_2_8_339","BE",2,8,339,"Doyenne","Scenario 2",67
"BE_2_8_340","BE",2,8,340,"Doyenne","Scenario 2",32
"BE_2_8_341","BE",2,8,341,"Doyenne","Scenario 2",100
"BE_2_8_342","BE",2,8,342,"Doyenne","Scenario 2",56
"BE_2_8_343","BE",2,8,343,"Doyenne","Scenario 2",66
"BE_2_8_344","BE",2,8,344,"Doyenne","Scenario 2",69
"BE_2_8_345","BE",2,8,345,"Doyenne","Scenario 2",76
"BE_2_8_346","BE",2,8,346,"Doyenne","Scenario 2",42
"BE_2_8_347","BE",2,8,347,"Doyenne","Scenario 2",32
"BE_2_8_348","BE",2,8,348,"Doyenne","Scenario 2",38
"BE_2_8_349","BE",2,8,349,"Doyenne","Scenario 2",100
"BE_2_8_350","BE",2,8,350,"Doyenne","Scenario 2",81
"BE_2_8_351","BE",2,8,351,"Doyenne","Scenario 2",0
"BE_2_8_352","BE",2,8,352,"Doyenne","Scenario 2",60
"BE_2_9_353","BE",2,9,353,"Conference","Scenario 2",54
"BE_2_9_354","BE",2,9,354,"Conference","Scenario 2",38
"BE_2_9_355","BE",2,9,355,"Conference","Scenario 2",71
"BE_2_9_356","BE",2,9,356,"Conference","Scenario 2",35
"BE_2_9_357","BE",2,9,357,"Conference","Scenario 2",100
"BE_2_9_358","BE",2,9,358,"Conference","Scenario 2",100
"BE_2_9_359","BE",2,9,359,"Conference","Scenario 2",74
"BE_2_9_360","BE",2,9,360,"Conference","Scenario 2",51
"BE_2_9_361","BE",2,9,361,"Conference","Scenario 2",84
"BE_2_9_362","BE",2,9,362,"Conference","Scenario 2",59
"BE_2_9_363","BE",2,9,363,"Conference","Scenario 2",93
"BE_2_9_364","BE",2,9,364,"Conference","Scenario 2",47
"BE_2_9_365","BE",2,9,365,"Conference","Scenario 2",62
"BE_2_9_366","BE",2,9,366,"Conference","Scenario 2",94
"BE_2_9_367","BE",2,9,367,"Conference","Scenario 2",72
"BE_2_9_368","BE",2,9,368,"Conference","Scenario 2",90
"BE_2_9_369","BE",2,9,369,"Conference","Scenario 2",74
"BE_2_9_370","BE",2,9,370,"Conference","Scenario 2",60
"BE_2_9_371","BE",2,9,371,"Conference","Scenario 2",68
"BE_2_9_372","BE",2,9,372,"Conference","Scenario 2",84
"BE_2_9_373","BE",2,9,373,"Conference","Scenario 2",83
"BE_2_9_374","BE",2,9,374,"Conference","Scenario 2",59
"BE_2_9_375","BE",2,9,375,"Conference","Scenario 2",76
"BE_2_10_376","BE",2,10,376,"Doyenne","Scenario 2",100
"BE_2_10_377","BE",2,10,377,"Doyenne","Scenario 2",69
"BE_2_10_378","BE",2,10,378,"Doyenne","Scenario 2",15
"BE_2_10_379","BE",2,10,379,"Doyenne","Scenario 2",67
"BE_2_10_380","BE",2,10,380,"Doyenne","Scenario 2",100
"BE_2_10_381","BE",2,10,381,"Doyenne","Scenario 2",53
"BE_2_10_382","BE",2,10,382,"Doyenne","Scenario 2",78
"BE_2_10_383","BE",2,10,383,"Doyenne","Scenario 2",100
"BE_2_10_384","BE",2,10,384,"Doyenne","Scenario 2",55
"BE_2_10_385","BE",2,10,385,"Doyenne","Scenario 2",67
"BE_2_10_386","BE",2,10,386,"Doyenne","Scenario 2",43
"BE_2_10_387","BE",2,10,387,"Doyenne","Scenario 2",28
"BE_2_10_388","BE",2,10,388,"Doyenne","Scenario 2",84
"BE_2_10_389","BE",2,10,389,"Doyenne","Scenario 2",60
"BE_2_10_390","BE",2,10,390,"Doyenne","Scenario 2",100
"BE_2_10_391","BE",2,10,391,"Doyenne","Scenario 2",50
"BE_2_10_392","BE",2,10,392,"Doyenne","Scenario 2",62
"BE_2_10_393","BE",2,10,393,"Doyenne","Scenario 2",53
"BE_2_10_394","BE",2,10,394,"Doyenne","Scenario 2",99
"BE_2_10_395","BE",2,10,395,"Doyenne","Scenario 2",51
"BE_2_10_396","BE",2,10,396,"Doyenne","Scenario 2",50
"BE_2_10_397","BE",2,10,397,"Doyenne","Scenario 2",77
"BE_2_10_398","BE",2,10,398,"Doyenne","Scenario 2",98
"BE_2_10_399","BE",2,10,399,"Doyenne","Scenario 2",46
"BE_2_10_400","BE",2,10,400,"Doyenne","Scenario 2",28
"BE_2_10_401","BE",2,10,401,"Doyenne","Scenario 2",39
"BE_2_10_402","BE",2,10,402,"Doyenne","Scenario 2",96
"BE_2_10_403","BE",2,10,403,"Doyenne","Scenario 2",89
"BE_2_10_404","BE",2,10,404,"Doyenne","Scenario 2",62
"BE_2_10_405","BE",2,10,405,"Doyenne","Scenario 2",51
"BE_2_10_406","BE",2,10,406,"Doyenne","Scenario 2",46
"BE_2_10_407","BE",2,10,407,"Doyenne","Scenario 2",48
"BE_2_10_408","BE",2,10,408,"Doyenne","Scenario 2",87
"BE_2_10_409","BE",2,10,409,"Doyenne","Scenario 2",75
"BE_2_10_410","BE",2,10,410,"Doyenne","Scenario 2",49
"BE_2_10_411","BE",2,10,411,"Doyenne","Scenario 2",43
"BE_2_10_412","BE",2,10,412,"Doyenne","Scenario 2",63
"BE_2_10_413","BE",2,10,413,"Doyenne","Scenario 2",46
"BE_2_10_414","BE",2,10,414,"Doyenne","Scenario 2",69
"BE_2_10_415","BE",2,10,415,"Doyenne","Scenario 2",82
"BE_2_10_416","BE",2,10,416,"Doyenne","Scenario 2",77
"BE_2_10_417","BE",2,10,417,"Doyenne","Scenario 2",100
"BE_2_10_418","BE",2,10,418,"Doyenne","Scenario 2",93
"BE_2_10_419","BE",2,10,419,"Doyenne","Scenario 2",95
"BE_2_11_420","BE",2,11,420,"Conference","Scenario 2",73
"BE_2_11_421","BE",2,11,421,"Conference","Scenario 2",32
"BE_2_11_422","BE",2,11,422,"Conference","Scenario 2",65
"BE_2_11_423","BE",2,11,423,"Conference","Scenario 2",43
"BE_2_11_424","BE",2,11,424,"Conference","Scenario 2",61
"BE_2_11_425","BE",2,11,425,"Conference","Scenario 2",84
"BE_2_11_426","BE",2,11,426,"Conference","Scenario 2",60
"BE_2_11_427","BE",2,11,427,"Conference","Scenario 2",44
"BE_2_11_428","BE",2,11,428,"Conference","Scenario 2",34
"BE_2_11_429","BE",2,11,429,"Conference","Scenario 2",76
"BE_2_11_430","BE",2,11,430,"Conference","Scenario 2",43
"BE_2_11_431","BE",2,11,431,"Conference","Scenario 2",89
"BE_2_11_432","BE",2,11,432,"Conference","Scenario 2",44
"BE_2_11_433","BE",2,11,433,"Conference","Scenario 2",51
"BE_2_11_434","BE",2,11,434,"Conference","Scenario 2",52
"BE_2_11_435","BE",2,11,435,"Conference","Scenario 2",40
"BE_2_11_436","BE",2,11,436,"Conference","Scenario 2",43
"BE_2_11_437","BE",2,11,437,"Conference","Scenario 2",79
"BE_2_11_438","BE",2,11,438,"Conference","Scenario 2",40
"BE_2_11_439","BE",2,11,439,"Conference","Scenario 2",44
"BE_2_11_440","BE",2,11,440,"Conference","Scenario 2",35
"BE_2_11_441","BE",2,11,441,"Conference","Scenario 2",77
"BE_2_11_442","BE",2,11,442,"Conference","Scenario 2",51
"BE_2_11_443","BE",2,11,443,"Conference","Scenario 2",71
"BE_2_11_444","BE",2,11,444,"Conference","Scenario 2",84
"BE_2_11_445","BE",2,11,445,"Conference","Scenario 2",40
"BE_2_11_446","BE",2,11,446,"Conference","Scenario 2",82
"BE_2_11_447","BE",2,11,447,"Conference","Scenario 2",50
"BE_2_11_448","BE",2,11,448,"Conference","Scenario 2",77
"BE_2_11_449","BE",2,11,449,"Conference","Scenario 2",25
"BE_2_11_450","BE",2,11,450,"Conference","Scenario 2",100
"BE_2_11_451","BE",2,11,451,"Conference","Scenario 2",37
"BE_2_11_452","BE",2,11,452,"Conference","Scenario 2",46
"BE_2_11_453","BE",2,11,453,"Conference","Scenario 2",48
"BE_2_11_454","BE",2,11,454,"Conference","Scenario 2",45
"BE_2_11_455","BE",2,11,455,"Conference","Scenario 2",84
"BE_2_11_456","BE",2,11,456,"Conference","Scenario 2",69
"BE_2_11_457","BE",2,11,457,"Conference","Scenario 2",68
"BE_2_11_458","BE",2,11,458,"Conference","Scenario 2",18
"BE_2_11_459","BE",2,11,459,"Conference","Scenario 2",80
"BE_2_11_460","BE",2,11,460,"Conference","Scenario 2",87
"BE_2_11_461","BE",2,11,461,"Conference","Scenario 2",57
"BE_2_11_462","BE",2,11,462,"Conference","Scenario 2",74
"BE_2_11_463","BE",2,11,463,"Conference","Scenario 2",41
"BE_2_11_464","BE",2,11,464,"Conference","Scenario 2",0
"BE_2_11_465","BE",2,11,465,"Conference","Scenario 2",43
"BE_2_11_466","BE",2,11,466,"Conference","Scenario 2",99
"BE_2_11_467","BE",2,11,467,"Conference","Scenario 2",85
"BE_2_11_468","BE",2,11,468,"Conference","Scenario 2",73
"BE_2_12_469","BE",2,12,469,"Doyenne","Scenario 2",87
"BE_2_12_470","BE",2,12,470,"Doyenne","Scenario 2",64
"BE_2_12_471","BE",2,12,471,"Doyenne","Scenario 2",99
"BE_2_12_472","BE",2,12,472,"Doyenne","Scenario 2",53
"BE_2_12_473","BE",2,12,473,"Doyenne","Scenario 2",21
"BE_2_12_474","BE",2,12,474,"Doyenne","Scenario 2",70
"BE_2_12_475","BE",2,12,475,"Doyenne","Scenario 2",53
"BE_2_12_476","BE",2,12,476,"Doyenne","Scenario 2",51
"BE_2_12_477","BE",2,12,477,"Doyenne","Scenario 2",64
"BE_2_12_478","BE",2,12,478,"Doyenne","Scenario 2",77
"BE_2_12_479","BE",2,12,479,"Doyenne","Scenario 2",68
"BE_2_12_480","BE",2,12,480,"Doyenne","Scenario 2",61
"BE_2_12_481","BE",2,12,481,"Doyenne","Scenario 2",8
"BE_2_12_482","BE",2,12,482,"Doyenne","Scenario 2",36
"BE_2_12_483","BE",2,12,483,"Doyenne","Scenario 2",32
"BE_2_12_484","BE",2,12,484,"Doyenne","Scenario 2",92
"BE_2_12_485","BE",2,12,485,"Doyenne","Scenario 2",55
"BE_2_12_486","BE",2,12,486,"Doyenne","Scenario 2",87
"BE_2_12_487","BE",2,12,487,"Doyenne","Scenario 2",51
"BE_2_12_488","BE",2,12,488,"Doyenne","Scenario 2",59
"BE_2_12_489","BE",2,12,489,"Doyenne","Scenario 2",62
"BE_2_12_490","BE",2,12,490,"Doyenne","Scenario 2",91
"BE_2_12_491","BE",2,12,491,"Doyenne","Scenario 2",35
"BE_2_12_492","BE",2,12,492,"Doyenne","Scenario 2",100
"BE_3_13_493","BE",3,13,493,"Conference","Scenario 3",60
"BE_3_13_494","BE",3,13,494,"Conference","Scenario 3",68
"BE_3_13_495","BE",3,13,495,"Conference","Scenario 3",97
"BE_3_13_496","BE",3,13,496,"Conference","Scenario 3",23
"BE_3_13_497","BE",3,13,497,"Conference","Scenario 3",73
"BE_3_13_498","BE",3,13,498,"Conference","Scenario 3",42
"BE_3_13_499","BE",3,13,499,"Conference","Scenario 3",85
"BE_3_13_500","BE",3,13,500,"Conference","Scenario 3",86
"BE_3_13_501","BE",3,13,501,"Conference","Scenario 3",99
"BE_3_13_502","BE",3,13,502,"Conference","Scenario 3",57
"BE_3_13_503","BE",3,13,503,"Conference","Scenario 3",67
"BE_3_13_504","BE",3,13,504,"Conference","Scenario 3",40
"BE_3_13_505","BE",3,13,505,"Conference","Scenario 3",65
"BE_3_13_506","BE",3,13,506,"Conference","Scenario 3",38
"BE_3_13_507","BE",3,13,507,"Conference","Scenario 3",80
"BE_3_13_508","BE",3,13,508,"Conference","Scenario 3",72
"BE_3_13_509","BE",3,13,509,"Conference","Scenario 3",37
"BE_3_13_510","BE",3,13,510,"Conference","Scenario 3",62
"BE_3_13_511","BE",3,13,511,"Conference","Scenario 3",73
"BE_3_13_512","BE",3,13,512,"Conference","Scenario 3",57
"BE_3_13_513","BE",3,13,513,"Conference","Scenario 3",22
"BE_3_13_514","BE",3,13,514,"Conference","Scenario 3",24
"BE_3_13_515","BE",3,13,515,"Conference","Scenario 3",61
"BE_3_13_516","BE",3,13,516,"Conference","Scenario 3",62
"BE_3_13_517","BE",3,13,517,"Conference","Scenario 3",74
"BE_3_13_518","BE",3,13,518,"Conference","Scenario 3",66
"BE_3_13_519","BE",3,13,519,"Conference","Scenario 3",66
"BE_3_13_520","BE",3,13,520,"Conference","Scenario 3",43
"BE_3_13_521","BE",3,13,521,"Conference","Scenario 3",11
"BE_3_13_522","BE",3,13,522,"Conference","Scenario 3",16
"BE_3_13_523","BE",3,13,523,"Conference","Scenario 3",22
"BE_3_13_524","BE",3,13,524,"Conference","Scenario 3",85
"BE_3_13_525","BE",3,13,525,"Conference","Scenario 3",100
"BE_3_13_526","BE",3,13,526,"Conference","Scenario 3",73
"BE_3_14_527","BE",3,14,527,"Doyenne","Scenario 3",50
"BE_3_14_528","BE",3,14,528,"Doyenne","Scenario 3",92
"BE_3_14_529","BE",3,14,529,"Doyenne","Scenario 3",85
"BE_3_14_530","BE",3,14,530,"Doyenne","Scenario 3",67
"BE_3_14_531","BE",3,14,531,"Doyenne","Scenario 3",58
"BE_3_14_532","BE",3,14,532,"Doyenne","Scenario 3",38
"BE_3_14_533","BE",3,14,533,"Doyenne","Scenario 3",54
"BE_3_14_534","BE",3,14,534,"Doyenne","Scenario 3",50
"BE_3_14_535","BE",3,14,535,"Doyenne","Scenario 3",44
"BE_3_14_536","BE",3,14,536,"Doyenne","Scenario 3",8
"BE_3_14_537","BE",3,14,537,"Doyenne","Scenario 3",75
"BE_3_14_538","BE",3,14,538,"Doyenne","Scenario 3",72
"BE_3_14_539","BE",3,14,539,"Doyenne","Scenario 3",55
"BE_3_14_540","BE",3,14,540,"Doyenne","Scenario 3",95
"BE_3_14_541","BE",3,14,541,"Doyenne","Scenario 3",18
"BE_3_14_542","BE",3,14,542,"Doyenne","Scenario 3",79
"BE_3_14_543","BE",3,14,543,"Doyenne","Scenario 3",44
"BE_3_14_544","BE",3,14,544,"Doyenne","Scenario 3",21
"BE_3_14_545","BE",3,14,545,"Doyenne","Scenario 3",45
"BE_3_14_546","BE",3,14,546,"Doyenne","Scenario 3",49
"BE_3_14_547","BE",3,14,547,"Doyenne","Scenario 3",72
"BE_3_14_548","BE",3,14,548,"Doyenne","Scenario 3",47
"BE_3_14_549","BE",3,14,549,"Doyenne","Scenario 3",75
"BE_3_14_550","BE",3,14,550,"Doyenne","Scenario 3",59
"BE_3_14_551","BE",3,14,551,"Doyenne","Scenario 3",100
"BE_3_14_552","BE",3,14,552,"Doyenne","Scenario 3",17
"BE_3_14_553","BE",3,14,553,"Doyenne","Scenario 3",100
"BE_3_14_554","BE",3,14,554,"Doyenne","Scenario 3",46
"BE_3_14_555","BE",3,14,555,"Doyenne","Scenario 3",21
"BE_3_14_556","BE",3,14,556,"Doyenne","Scenario 3",45
"BE_3_14_557","BE",3,14,557,"Doyenne","Scenario 3",76
"BE_3_14_558","BE",3,14,558,"Doyenne","Scenario 3",15
"BE_3_14_559","BE",3,14,559,"Doyenne","Scenario 3",72
"BE_3_14_560","BE",3,14,560,"Doyenne","Scenario 3",74
"BE_3_14_561","BE",3,14,561,"Doyenne","Scenario 3",59
"BE_3_14_562","BE",3,14,562,"Doyenne","Scenario 3",64
"BE_3_14_563","BE",3,14,563,"Doyenne","Scenario 3",78
"BE_3_14_564","BE",3,14,564,"Doyenne","Scenario 3",0
"BE_3_14_565","BE",3,14,565,"Doyenne","Scenario 3",69
"BE_3_14_566","BE",3,14,566,"Doyenne","Scenario 3",56
"BE_3_14_567","BE",3,14,567,"Doyenne","Scenario 3",44
"BE_3_14_568","BE",3,14,568,"Doyenne","Scenario 3",100
"BE_3_14_569","BE",3,14,569,"Doyenne","Scenario 3",74
"BE_3_14_570","BE",3,14,570,"Doyenne","Scenario 3",70
"BE_3_14_571","BE",3,14,571,"Doyenne","Scenario 3",99
"BE_3_14_572","BE",3,14,572,"Doyenne","Scenario 3",54
"BE_3_14_573","BE",3,14,573,"Doyenne","Scenario 3",65
"BE_3_14_574","BE",3,14,574,"Doyenne","Scenario 3",37
"BE_3_14_575","BE",3,14,575,"Doyenne","Scenario 3",72
"BE_3_14_576","BE",3,14,576,"Doyenne","Scenario 3",68
"BE_3_14_577","BE",3,14,577,"Doyenne","Scenario 3",50
"BE_3_14_578","BE",3,14,578,"Doyenne","Scenario 3",50
"BE_3_15_579","BE",3,15,579,"Conference","Scenario 3",61
"BE_3_15_580","BE",3,15,580,"Conference","Scenario 3",39
"BE_3_15_581","BE",3,15,581,"Conference","Scenario 3",78
"BE_3_15_582","BE",3,15,582,"Conference","Scenario 3",76
"BE_3_15_583","BE",3,15,583,"Conference","Scenario 3",58
"BE_3_15_584","BE",3,15,584,"Conference","Scenario 3",68
"BE_3_15_585","BE",3,15,585,"Conference","Scenario 3",39
"BE_3_15_586","BE",3,15,586,"Conference","Scenario 3",100
"BE_3_15_587","BE",3,15,587,"Conference","Scenario 3",98
"BE_3_15_588","BE",3,15,588,"Conference","Scenario 3",64
"BE_3_15_589","BE",3,15,589,"Conference","Scenario 3",100
"BE_3_15_590","BE",3,15,590,"Conference","Scenario 3",63
"BE_3_15_591","BE",3,15,591,"Conference","Scenario 3",40
"BE_3_15_592","BE",3,15,592,"Conference","Scenario 3",47
"BE_3_15_593","BE",3,15,593,"Conference","Scenario 3",62
"BE_3_15_594","BE",3,15,594,"Conference","Scenario 3",38
"BE_3_15_595","BE",3,15,595,"Conference","Scenario 3",74
"BE_3_15_596","BE",3,15,596,"Conference","Scenario 3",64
"BE_3_15_597","BE",3,15,597,"Conference","Scenario 3",99
"BE_3_15_598","BE",3,15,598,"Conference","Scenario 3",94
"BE_3_15_599","BE",3,15,599,"Conference","Scenario 3",63
"BE_3_15_600","BE",3,15,600,"Conference","Scenario 3",71
"BE_3_15_601","BE",3,15,601,"Conference","Scenario 3",61
"BE_3_15_602","BE",3,15,602,"Conference","Scenario 3",43
"BE_3_15_603","BE",3,15,603,"Conference","Scenario 3",62
"BE_3_16_604","BE",3,16,604,"Doyenne","Scenario 3",85
"BE_3_16_605","BE",3,16,605,"Doyenne","Scenario 3",100
"BE_3_16_606","BE",3,16,606,"Doyenne","Scenario 3",68
"BE_3_16_607","BE",3,16,607,"Doyenne","Scenario 3",85
"BE_3_16_608","BE",3,16,608,"Doyenne","Scenario 3",57
"BE_3_16_609","BE",3,16,609,"Doyenne","Scenario 3",83
"BE_3_16_610","BE",3,16,610,"Doyenne","Scenario 3",25
"BE_3_16_611","BE",3,16,611,"Doyenne","Scenario 3",47
"BE_3_16_612","BE",3,16,612,"Doyenne","Scenario 3",60
"BE_3_16_613","BE",3,16,613,"Doyenne","Scenario 3",76
"BE_3_16_614","BE",3,16,614,"Doyenne","Scenario 3",100
"BE_3_16_615","BE",3,16,615,"Doyenne","Scenario 3",57
"BE_3_16_616","BE",3,16,616,"Doyenne","Scenario 3",25
"BE_3_16_617","BE",3,16,617,"Doyenne","Scenario 3",60
"BE_3_16_618","BE",3,16,618,"Doyenne","Scenario 3",54
"BE_3_16_619","BE",3,16,619,"Doyenne","Scenario 3",81
"BE_3_16_620","BE",3,16,620,"Doyenne","Scenario 3",57
"BE_3_16_621","BE",3,16,621,"Doyenne","Scenario 3",29
"BE_3_16_622","BE",3,16,622,"Doyenne","Scenario 3",53
"BE_3_16_623","BE",3,16,623,"Doyenne","Scenario 3",0
"BE_3_16_624","BE",3,16,624,"Doyenne","Scenario 3",79
"BE_3_16_625","BE",3,16,625,"Doyenne","Scenario 3",23
"BE_3_16_626","BE",3,16,626,"Doyenne","Scenario 3",57
"BE_3_16_627","BE",3,16,627,"Doyenne","Scenario 3",56
"BE_3_16_628","BE",3,16,628,"Doyenne","Scenario 3",38
"BE_3_16_629","BE",3,16,629,"Doyenne","Scenario 3",55
"BE_3_16_630","BE",3,16,630,"Doyenne","Scenario 3",59
"BE_3_16_631","BE",3,16,631,"Doyenne","Scenario 3",62
"BE_3_16_632","BE",3,16,632,"Doyenne","Scenario 3",98
"BE_3_16_633","BE",3,16,633,"Doyenne","Scenario 3",59
"BE_3_16_634","BE",3,16,634,"Doyenne","Scenario 3",85
"BE_3_16_635","BE",3,16,635,"Doyenne","Scenario 3",79
"BE_3_16_636","BE",3,16,636,"Doyenne","Scenario 3",72
"BE_3_16_637","BE",3,16,637,"Doyenne","Scenario 3",59
"BE_3_16_638","BE",3,16,638,"Doyenne","Scenario 3",59
"BE_3_16_639","BE",3,16,639,"Doyenne","Scenario 3",57
"BE_3_16_640","BE",3,16,640,"Doyenne","Scenario 3",86
"BE_3_16_641","BE",3,16,641,"Doyenne","Scenario 3",96
"BE_3_16_642","BE",3,16,642,"Doyenne","Scenario 3",38
"BE_3_16_643","BE",3,16,643,"Doyenne","Scenario 3",48
"BE_3_16_644","BE",3,16,644,"Doyenne","Scenario 3",7
"BE_3_16_645","BE",3,16,645,"Doyenne","Scenario 3",93
"BE_3_16_646","BE",3,16,646,"Doyenne","Scenario 3",84
"BE_3_16_647","BE",3,16,647,"Doyenne","Scenario 3",95
"BE_3_16_648","BE",3,16,648,"Doyenne","Scenario 3",72
"BE_3_16_649","BE",3,16,649,"Doyenne","Scenario 3",22
"BE_3_16_650","BE",3,16,650,"Doyenne","Scenario 3",62
"BE_3_16_651","BE",3,16,651,"Doyenne","Scenario 3",79
"BE_3_16_652","BE",3,16,652,"Doyenne","Scenario 3",42
"BE_3_16_653","BE",3,16,653,"Doyenne","Scenario 3",39
"BE_3_16_654","BE",3,16,654,"Doyenne","Scenario 3",54
"BE_3_16_655","BE",3,16,655,"Doyenne","Scenario 3",12
"BE_3_17_656","BE",3,17,656,"Conference","Scenario 3",66
"BE_3_17_657","BE",3,17,657,"Conference","Scenario 3",100
"BE_3_17_658","BE",3,17,658,"Conference","Scenario 3",69
"BE_3_17_659","BE",3,17,659,"Conference","Scenario 3",81
"BE_3_17_660","BE",3,17,660,"Conference","Scenario 3",86
"BE_3_17_661","BE",3,17,661,"Conference","Scenario 3",39
"BE_3_17_662","BE",3,17,662,"Conference","Scenario 3",32
"BE_3_17_663","BE",3,17,663,"Conference","Scenario 3",63
"BE_3_17_664","BE",3,17,664,"Conference","Scenario 3",64
"BE_3_17_665","BE",3,17,665,"Conference","Scenario 3",68
"BE_3_17_666","BE",3,17,666,"Conference","Scenario 3",72
"BE_3_17_667","BE",3,17,667,"Conference","Scenario 3",21
"BE_3_17_668","BE",3,17,668,"Conference","Scenario 3",41
"BE_3_17_669","BE",3,17,669,"Conference","Scenario 3",70
"BE_3_17_670","BE",3,17,670,"Conference","Scenario 3",28
"BE_3_17_671","BE",3,17,671,"Conference","Scenario 3",20
"BE_3_17_672","BE",3,17,672,"Conference","Scenario 3",15
"BE_3_17_673","BE",3,17,673,"Conference","Scenario 3",76
"BE_3_17_674","BE",3,17,674,"Conference","Scenario 3",10
"BE_3_17_675","BE",3,17,675,"Conference","Scenario 3",61
"BE_3_17_676","BE",3,17,676,"Conference","Scenario 3",85
"BE_3_17_677","BE",3,17,677,"Conference","Scenario 3",43
"BE_3_17_678","BE",3,17,678,"Conference","Scenario 3",88
"BE_3_17_679","BE",3,17,679,"Conference","Scenario 3",57
"BE_3_17_680","BE",3,17,680,"Conference","Scenario 3",41
"BE_3_17_681","BE",3,17,681,"Conference","Scenario 3",68
"BE_3_17_682","BE",3,17,682,"Conference","Scenario 3",0
"BE_3_17_683","BE",3,17,683,"Conference","Scenario 3",67
"BE_3_17_684","BE",3,17,684,"Conference","Scenario 3",75
"BE_3_17_685","BE",3,17,685,"Conference","Scenario 3",67
"BE_3_17_686","BE",3,17,686,"Conference","Scenario 3",56
"BE_3_17_687","BE",3,17,687,"Conference","Scenario 3",79
"BE_3_17_688","BE",3,17,688,"Conference","Scenario 3",81
"BE_3_17_689","BE",3,17,689,"Conference","Scenario 3",77
"BE_3_17_690","BE",3,17,690,"Conference","Scenario 3",25
"BE_3_17_691","BE",3,17,691,"Conference","Scenario 3",33
"BE_3_17_692","BE",3,17,692,"Conference","Scenario 3",88
"BE_3_17_693","BE",3,17,693,"Conference","Scenario 3",67
"BE_3_17_694","BE",3,17,694,"Conference","Scenario 3",100
"BE_3_17_695","BE",3,17,695,"Conference","Scenario 3",59
"BE_3_17_696","BE",3,17,696,"Conference","Scenario 3",56
"BE_3_17_697","BE",3,17,697,"Conference","Scenario 3",33
"BE_3_17_698","BE",3,17,698,"Conference","Scenario 3",68
"BE_3_17_699","BE",3,17,699,"Conference","Scenario 3",100
"BE_3_17_700","BE",3,17,700,"Conference","Scenario 3",59
"BE_3_17_701","BE",3,17,701,"Conference","Scenario 3",36
"BE_3_17_702","BE",3,17,702,"Conference","Scenario 3",40
"BE_3_17_703","BE",3,17,703,"Conference","Scenario 3",37
"BE_3_17_704","BE",3,17,704,"Conference","Scenario 3",70
"BE_3_17_705","BE",3,17,705,"Conference","Scenario 3",74
"BE_3_17_706","BE",3,17,706,"Conference","Scenario 3",81
"BE_3_17_707","BE",3,17,707,"Conference","Scenario 3",93
"BE_3_17_708","BE",3,17,708,"Conference","Scenario 3",50
"BE_3_17_709","BE",3,17,709,"Conference","Scenario 3",38
"BE_3_17_710","BE",3,17,710,"Conference","Scenario 3",93
"BE_3_17_711","BE",3,17,711,"Conference","Scenario 3",49
"BE_3_17_712","BE",3,17,712,"Conference","Scenario 3",24
"BE_3_18_713","BE",3,18,713,"Doyenne","Scenario 3",81
"BE_3_18_714","BE",3,18,714,"Doyenne","Scenario 3",83
"BE_3_18_715","BE",3,18,715,"Doyenne","Scenario 3",68
"BE_3_18_716","BE",3,18,716,"Doyenne","Scenario 3",23
"BE_3_18_717","BE",3,18,717,"Doyenne","Scenario 3",100
"BE_3_18_718","BE",3,18,718,"Doyenne","Scenario 3",100
"BE_3_18_719","BE",3,18,719,"Doyenne","Scenario 3",36
"BE_3_18_720","BE",3,18,720,"Doyenne","Scenario 3",79
"BE_3_18_721","BE",3,18,721,"Doyenne","Scenario 3",87
"BE_3_18_722","BE",3,18,722,"Doyenne","Scenario 3",94
"BE_3_18_723","BE",3,18,723,"Doyenne","Scenario 3",42
"BE_3_18_724","BE",3,18,724,"Doyenne","Scenario 3",19
"BE_3_18_725","BE",3,18,725,"Doyenne","Scenario 3",29
"BE_3_18_726","BE",3,18,726,"Doyenne","Scenario 3",50
"BE_3_18_727","BE",3,18,727,"Doyenne","Scenario 3",66
"BE_3_18_728","BE",3,18,728,"Doyenne","Scenario 3",66
"BE_3_18_729","BE",3,18,729,"Doyenne","Scenario 3",33
"BE_3_18_730","BE",3,18,730,"Doyenne","Scenario 3",66
"BE_3_18_731","BE",3,18,731,"Doyenne","Scenario 3",37
"BE_3_18_732","BE",3,18,732,"Doyenne","Scenario 3",84
"BE_3_18_733","BE",3,18,733,"Doyenne","Scenario 3",46
"BE_3_18_734","BE",3,18,734,"Doyenne","Scenario 3",88
"BE_3_18_735","BE",3,18,735,"Doyenne","Scenario 3",45
"BE_3_18_736","BE",3,18,736,"Doyenne","Scenario 3",71
"BE_3_18_737","BE",3,18,737,"Doyenne","Scenario 3",60
"BE_3_18_738","BE",3,18,738,"Doyenne","Scenario 3",81
"BE_3_18_739","BE",3,18,739,"Doyenne","Scenario 3",38
"BE_3_18_740","BE",3,18,740,"Doyenne","Scenario 3",56
"BE_3_18_741","BE",3,18,741,"Doyenne","Scenario 3",37
"BE_3_18_742","BE",3,18,742,"Doyenne","Scenario 3",63
"BE_3_18_743","BE",3,18,743,"Doyenne","Scenario 3",45
"BE_4_19_744","BE",4,19,744,"Conference","Scenario 4",39
"BE_4_19_745","BE",4,19,745,"Conference","Scenario 4",54
"BE_4_19_746","BE",4,19,746,"Conference","Scenario 4",44
"BE_4_19_747","BE",4,19,747,"Conference","Scenario 4",9
"BE_4_19_748","BE",4,19,748,"Conference","Scenario 4",56
"BE_4_19_749","BE",4,19,749,"Conference","Scenario 4",99
"BE_4_19_750","BE",4,19,750,"Conference","Scenario 4",51
"BE_4_19_751","BE",4,19,751,"Conference","Scenario 4",73
"BE_4_19_752","BE",4,19,752,"Conference","Scenario 4",26
"BE_4_19_753","BE",4,19,753,"Conference","Scenario 4",41
"BE_4_19_754","BE",4,19,754,"Conference","Scenario 4",85
"BE_4_19_755","BE",4,19,755,"Conference","Scenario 4",28
"BE_4_19_756","BE",4,19,756,"Conference","Scenario 4",88
"BE_4_19_757","BE",4,19,757,"Conference","Scenario 4",57
"BE_4_19_758","BE",4,19,758,"Conference","Scenario 4",100
"BE_4_19_759","BE",4,19,759,"Conference","Scenario 4",53
"BE_4_19_760","BE",4,19,760,"Conference","Scenario 4",56
"BE_4_19_761","BE",4,19,761,"Conference","Scenario 4",63
"BE_4_19_762","BE",4,19,762,"Conference","Scenario 4",55
"BE_4_19_763","BE",4,19,763,"Conference","Scenario 4",32
"BE_4_19_764","BE",4,19,764,"Conference","Scenario 4",31
"BE_4_19_765","BE",4,19,765,"Conference","Scenario 4",61
"BE_4_19_766","BE",4,19,766,"Conference","Scenario 4",66
"BE_4_19_767","BE",4,19,767,"Conference","Scenario 4",70
"BE_4_19_768","BE",4,19,768,"Conference","Scenario 4",14
"BE_4_19_769","BE",4,19,769,"Conference","Scenario 4",20
"BE_4_19_770","BE",4,19,770,"Conference","Scenario 4",58
"BE_4_19_771","BE",4,19,771,"Conference","Scenario 4",87
"BE_4_19_772","BE",4,19,772,"Conference","Scenario 4",54
"BE_4_19_773","BE",4,19,773,"Conference","Scenario 4",63
"BE_4_19_774","BE",4,19,774,"Conference","Scenario 4",51
"BE_4_19_775","BE",4,19,775,"Conference","Scenario 4",53
"BE_4_19_776","BE",4,19,776,"Conference","Scenario 4",52
"BE_4_19_777","BE",4,19,777,"Conference","Scenario 4",62
"BE_4_19_778","BE",4,19,778,"Conference","Scenario 4",83
"BE_4_19_779","BE",4,19,779,"Conference","Scenario 4",76
"BE_4_19_780","BE",4,19,780,"Conference","Scenario 4",32
"BE_4_19_781","BE",4,19,781,"Conference","Scenario 4",40
"BE_4_19_782","BE",4,19,782,"Conference","Scenario 4",20
"BE_4_19_783","BE",4,19,783,"Conference","Scenario 4",88
"BE_4_19_784","BE",4,19,784,"Conference","Scenario 4",31
"BE_4_19_785","BE",4,19,785,"Conference","Scenario 4",45
"BE_4_19_786","BE",4,19,786,"Conference","Scenario 4",66
"BE_4_19_787","BE",4,19,787,"Conference","Scenario 4",84
"BE_4_19_788","BE",4,19,788,"Conference","Scenario 4",27
"BE_4_19_789","BE",4,19,789,"Conference","Scenario 4",96
"BE_4_19_790","BE",4,19,790,"Conference","Scenario 4",93
"BE_4_19_791","BE",4,19,791,"Conference","Scenario 4",53
"BE_4_19_792","BE",4,19,792,"Conference","Scenario 4",9
"BE_4_19_793","BE",4,19,793,"Conference","Scenario 4",49
"BE_4_19_794","BE",4,19,794,"Conference","Scenario 4",100
"BE_4_20_795","BE",4,20,795,"Doyenne","Scenario 4",68
"BE_4_20_796","BE",4,20,796,"Doyenne","Scenario 4",54
"BE_4_20_797","BE",4,20,797,"Doyenne","Scenario 4",54
"BE_4_20_798","BE",4,20,798,"Doyenne","Scenario 4",82
"BE_4_20_799","BE",4,20,799,"Doyenne","Scenario 4",100
"BE_4_20_800","BE",4,20,800,"Doyenne","Scenario 4",65
"BE_4_20_801","BE",4,20,801,"Doyenne","Scenario 4",57
"BE_4_20_802","BE",4,20,802,"Doyenne","Scenario 4",64
"BE_4_20_803","BE",4,20,803,"Doyenne","Scenario 4",40
"BE_4_20_804","BE",4,20,804,"Doyenne","Scenario 4",35
"BE_4_20_805","BE",4,20,805,"Doyenne","Scenario 4",58
"BE_4_20_806","BE",4,20,806,"Doyenne","Scenario 4",45
"BE_4_20_807","BE",4,20,807,"Doyenne","Scenario 4",33
"BE_4_20_808","BE",4,20,808,"Doyenne","Scenario 4",79
"BE_4_20_809","BE",4,20,809,"Doyenne","Scenario 4",46
"BE_4_20_810","BE",4,20,810,"Doyenne","Scenario 4",51
"BE_4_20_811","BE",4,20,811,"Doyenne","Scenario 4",62
"BE_4_20_812","BE",4,20,812,"Doyenne","Scenario 4",40
"BE_4_20_813","BE",4,20,813,"Doyenne","Scenario 4",96
"BE_4_20_814","BE",4,20,814,"Doyenne","Scenario 4",49
"BE_4_20_815","BE",4,20,815,"Doyenne","Scenario 4",36
"BE_4_20_816","BE",4,20,816,"Doyenne","Scenario 4",79
"BE_4_20_817","BE",4,20,817,"Doyenne","Scenario 4",73
"BE_4_20_818","BE",4,20,818,"Doyenne","Scenario 4",42
"BE_4_20_819","BE",4,20,819,"Doyenne","Scenario 4",47
"BE_4_20_820","BE",4,20,820,"Doyenne","Scenario 4",100
"BE_4_20_821","BE",4,20,821,"Doyenne","Scenario 4",90
"BE_4_20_822","BE",4,20,822,"Doyenne","Scenario 4",46
"BE_4_20_823","BE",4,20,823,"Doyenne","Scenario 4",85
"BE_4_20_824","BE",4,20,824,"Doyenne","Scenario 4",96
"BE_4_20_825","BE",4,20,825,"Doyenne","Scenario 4",62
"BE_4_20_826","BE",4,20,826,"Doyenne","Scenario 4",62
"BE_4_20_827","BE",4,20,827,"Doyenne","Scenario 4",65
"BE_4_21_828","BE",4,21,828,"Conference","Scenario 4",34
"BE_4_21_829","BE",4,21,829,"Conference","Scenario 4",6
"BE_4_21_830","BE",4,21,830,"Conference","Scenario 4",65
"BE_4_21_831","BE",4,21,831,"Conference","Scenario 4",71
"BE_4_21_832","BE",4,21,832,"Conference","Scenario 4",12
"BE_4_21_833","BE",4,21,833,"Conference","Scenario 4",92
"BE_4_21_834","BE",4,21,834,"Conference","Scenario 4",70
"BE_4_21_835","BE",4,21,835,"Conference","Scenario 4",78
"BE_4_21_836","BE",4,21,836,"Conference","Scenario 4",66
"BE_4_21_837","BE",4,21,837,"Conference","Scenario 4",52
"BE_4_21_838","BE",4,21,838,"Conference","Scenario 4",73
"BE_4_21_839","BE",4,21,839,"Conference","Scenario 4",17
"BE_4_21_840","BE",4,21,840,"Conference","Scenario 4",21
"BE_4_21_841","BE",4,21,841,"Conference","Scenario 4",92
"BE_4_21_842","BE",4,21,842,"Conference","Scenario 4",44
"BE_4_21_843","BE",4,21,843,"Conference","Scenario 4",49
"BE_4_21_844","BE",4,21,844,"Conference","Scenario 4",74
"BE_4_22_845","BE",4,22,845,"Doyenne","Scenario 4",34
"BE_4_22_846","BE",4,22,846,"Doyenne","Scenario 4",58
"BE_4_22_847","BE",4,22,847,"Doyenne","Scenario 4",91
"BE_4_22_848","BE",4,22,848,"Doyenne","Scenario 4",60
"BE_4_22_849","BE",4,22,849,"Doyenne","Scenario 4",45
"BE_4_22_850","BE",4,22,850,"Doyenne","Scenario 4",55
"BE_4_22_851","BE",4,22,851,"Doyenne","Scenario 4",49
"BE_4_22_852","BE",4,22,852,"Doyenne","Scenario 4",22
"BE_4_22_853","BE",4,22,853,"Doyenne","Scenario 4",73
"BE_4_22_854","BE",4,22,854,"Doyenne","Scenario 4",100
"BE_4_22_855","BE",4,22,855,"Doyenne","Scenario 4",63
"BE_4_22_856","BE",4,22,856,"Doyenne","Scenario 4",100
"BE_4_22_857","BE",4,22,857,"Doyenne","Scenario 4",13
"BE_4_22_858","BE",4,22,858,"Doyenne","Scenario 4",41
"BE_4_22_859","BE",4,22,859,"Doyenne","Scenario 4",67
"BE_4_22_860","BE",4,22,860,"Doyenne","Scenario 4",57
"BE_4_22_861","BE",4,22,861,"Doyenne","Scenario 4",93
"BE_4_23_862","BE",4,23,862,"Conference","Scenario 4",0
"BE_4_23_863","BE",4,23,863,"Conference","Scenario 4",28
"BE_4_23_864","BE",4,23,864,"Conference","Scenario 4",68
"BE_4_23_865","BE",4,23,865,"Conference","Scenario 4",100
"BE_4_23_866","BE",4,23,866,"Conference","Scenario 4",38
"BE_4_23_867","BE",4,23,867,"Conference","Scenario 4",84
"BE_4_23_868","BE",4,23,868,"Conference","Scenario 4",27
"BE_4_23_869","BE",4,23,869,"Conference","Scenario 4",22
"BE_4_23_870","BE",4,23,870,"Conference","Scenario 4",71
"BE_4_23_871","BE",4,23,871,"Conference","Scenario 4",82
"BE_4_23_872","BE",4,23,872,"Conference","Scenario 4",76
"BE_4_23_873","BE",4,23,873,"Conference","Scenario 4",82
"BE_4_23_874","BE",4,23,874,"Conference","Scenario 4",72
"BE_4_23_875","BE",4,23,875,"Conference","Scenario 4",22
"BE_4_23_876","BE",4,23,876,"Conference","Scenario 4",30
"BE_4_23_877","BE",4,23,877,"Conference","Scenario 4",52
"BE_4_23_878","BE",4,23,878,"Conference","Scenario 4",40
"BE_4_23_879","BE",4,23,879,"Conference","Scenario 4",28
"BE_4_23_880","BE",4,23,880,"Conference","Scenario 4",34
"BE_4_23_881","BE",4,23,881,"Conference","Scenario 4",38
"BE_4_23_882","BE",4,23,882,"Conference","Scenario 4",43
"BE_4_23_883","BE",4,23,883,"Conference","Scenario 4",70
"BE_4_23_884","BE",4,23,884,"Conference","Scenario 4",15
"BE_4_23_885","BE",4,23,885,"Conference","Scenario 4",61
"BE_4_23_886","BE",4,23,886,"Conference","Scenario 4",68
"BE_4_23_887","BE",4,23,887,"Conference","Scenario 4",62
"BE_4_23_888","BE",4,23,888,"Conference","Scenario 4",71
"BE_4_23_889","BE",4,23,889,"Conference","Scenario 4",70
"BE_4_23_890","BE",4,23,890,"Conference","Scenario 4",62
"BE_4_23_891","BE",4,23,891,"Conference","Scenario 4",89
"BE_4_23_892","BE",4,23,892,"Conference","Scenario 4",42
"BE_4_23_893","BE",4,23,893,"Conference","Scenario 4",64
"BE_4_23_894","BE",4,23,894,"Conference","Scenario 4",33
"BE_4_23_895","BE",4,23,895,"Conference","Scenario 4",94
"BE_4_23_896","BE",4,23,896,"Conference","Scenario 4",21
"BE_4_23_897","BE",4,23,897,"Conference","Scenario 4",100
"BE_4_23_898","BE",4,23,898,"Conference","Scenario 4",62
"BE_4_23_899","BE",4,23,899,"Conference","Scenario 4",48
"BE_4_23_900","BE",4,23,900,"Conference","Scenario 4",68
"BE_4_23_901","BE",4,23,901,"Conference","Scenario 4",43
"BE_4_23_902","BE",4,23,902,"Conference","Scenario 4",77
"BE_4_23_903","BE",4,23,903,"Conference","Scenario 4",78
"BE_4_23_904","BE",4,23,904,"Conference","Scenario 4",58
"BE_4_23_905","BE",4,23,905,"Conference","Scenario 4",27
"BE_4_23_906","BE",4,23,906,"Conference","Scenario 4",58
"BE_4_23_907","BE",4,23,907,"Conference","Scenario 4",90
"BE_4_23_908","BE",4,23,908,"Conference","Scenario 4",71
"BE_4_23_909","BE",4,23,909,"Conference","Scenario 4",47
"BE_4_23_910","BE",4,23,910,"Conference","Scenario 4",71
"BE_4_23_911","BE",4,23,911,"Conference","Scenario 4",28
"BE_4_23_912","BE",4,23,912,"Conference","Scenario 4",38
"BE_4_24_913","BE",4,24,913,"Doyenne","Scenario 4",26
"BE_4_24_914","BE",4,24,914,"Doyenne","Scenario 4",7
"BE_4_24_915","BE",4,24,915,"Doyenne","Scenario 4",79
"BE_4_24_916","BE",4,24,916,"Doyenne","Scenario 4",77
"BE_4_24_917","BE",4,24,917,"Doyenne","Scenario 4",33
"BE_4_24_918","BE",4,24,918,"Doyenne","Scenario 4",31
"BE_4_24_919","BE",4,24,919,"Doyenne","Scenario 4",63
"BE_4_24_920","BE",4,24,920,"Doyenne","Scenario 4",56
"BE_4_24_921","BE",4,24,921,"Doyenne","Scenario 4",30
"BE_4_24_922","BE",4,24,922,"Doyenne","Scenario 4",64
"BE_4_24_923","BE",4,24,923,"Doyenne","Scenario 4",58
"BE_4_24_924","BE",4,24,924,"Doyenne","Scenario 4",52
"BE_4_24_925","BE",4,24,925,"Doyenne","Scenario 4",48
"BE_4_24_926","BE",4,24,926,"Doyenne","Scenario 4",40
"BE_4_24_927","BE",4,24,927,"Doyenne","Scenario 4",39
"BE_4_24_928","BE",4,24,928,"Doyenne","Scenario 4",59
"BE_4_24_929","BE",4,24,929,"Doyenne","Scenario 4",39
"BE_4_24_930","BE",4,24,930,"Doyenne","Scenario 4",71
"BE_4_24_931","BE",4,24,931,"Doyenne","Scenario 4",50
"BE_4_24_932","BE",4,24,932,"Doyenne","Scenario 4",29
"BE_4_24_933","BE",4,24,933,"Doyenne","Scenario 4",92
"BE_4_24_934","BE",4,24,934,"Doyenne","Scenario 4",67
"BE_4_24_935","BE",4,24,935,"Doyenne","Scenario 4",15
"BE_4_24_936","BE",4,24,936,"Doyenne","Scenario 4",32
"BE_4_24_937","BE",4,24,937,"Doyenne","Scenario 4",84
"BE_4_24_938","BE",4,24,938,"Doyenne","Scenario 4",16
"BE_4_24_939","BE",4,24,939,"Doyenne","Scenario 4",76
